task_id,bid,vid,battery_version,station_id,event,event_time,start_time,end_time,comments
1,1L74NF,8TRMDD,N/A,4,On-Load,2024-11-07 13:26:55.383436,2024-11-07 13:26:55.383436,2024-11-07 13:31:55.383436,顺利
2,1L74NF,8TRMDD,N/A,4,Off-Load,2024-11-07 13:31:55.383436,,2024-11-07 13:31:55.383436,顺利
3,1L74NF,8TRMDD,N/A,4,On-Load,2024-11-07 13:36:55.383436,2024-11-07 13:36:55.383436,2024-11-07 13:41:55.383436,顺利
4,1L74NF,8TRMDD,N/A,4,Off-Load,2024-11-07 13:41:55.383436,,2024-11-07 13:41:55.383436,顺利
5,QURHR9,S4SIP3,N/A,5,On-Load,2024-11-07 13:21:55.399686,2024-11-07 13:21:55.399686,,失败: 无效事件
6,Q6YD3Q,IVTLHJ,N/A,4,On-Load,2024-11-07 13:21:55.401151,2024-11-07 13:21:55.401151,,失败: 无效事件
7,8J12UD,M6N3N3,N/A,1,On-Load,2024-11-07 13:21:55.402426,2024-11-07 13:21:55.402426,2024-11-08 01:21:55.402426,顺利
8,8J12UD,M6N3N3,N/A,1,Off-Load,2024-11-08 01:21:55.402426,,2024-11-08 01:21:55.402426,顺利
9,CZQ2H3,IT68X4,N/A,8,Off-Load,2024-11-07 14:21:55.406738,,,失败: 无对应 On-Load 任务
10,E07BKR,E0QRDN,N/A,6,Off-Load,2024-11-08 01:21:55.408252,,,失败: 无对应 On-Load 任务
11,NS94IH,HIS6MU,N/A,7,On-Load,2024-11-07 13:21:55.409694,2024-11-07 13:21:55.409694,2024-11-07 16:21:55.409694,顺利
12,NS94IH,HIS6MU,N/A,7,Off-Load,2024-11-07 16:21:55.409694,,2024-11-07 16:21:55.409694,顺利
13,P2VGGF,B7OSFA,N/A,7,On-Load,2024-11-07 13:26:55.413635,2024-11-07 13:26:55.413635,2024-11-07 13:31:55.413635,顺利
14,P2VGGF,B7OSFA,N/A,7,Off-Load,2024-11-07 13:31:55.413635,,2024-11-07 13:31:55.413635,顺利
15,P2VGGF,B7OSFA,N/A,7,On-Load,2024-11-07 13:36:55.413635,2024-11-07 13:36:55.413635,2024-11-07 13:41:55.413635,顺利
16,P2VGGF,B7OSFA,N/A,7,Off-Load,2024-11-07 13:41:55.413635,,2024-11-07 13:41:55.413635,顺利
17,KXTHZQ,C5JD01,N/A,5,On-Load,2024-11-07 13:21:55.421167,2024-11-07 13:21:55.421167,2024-11-07 18:21:55.421167,顺利
18,KXTHZQ,C5JD01,N/A,5,Off-Load,2024-11-07 18:21:55.421167,,2024-11-07 18:21:55.421167,顺利
19,BXXWLR,R0I1A9,N/A,10,On-Load,2024-11-07 13:26:55.424776,2024-11-07 13:26:55.424776,2024-11-07 13:31:55.424776,顺利
20,BXXWLR,R0I1A9,N/A,10,Off-Load,2024-11-07 13:31:55.424776,,2024-11-07 13:31:55.424776,顺利
21,BXXWLR,R0I1A9,N/A,10,On-Load,2024-11-07 13:36:55.424776,2024-11-07 13:36:55.424776,2024-11-07 13:41:55.424776,顺利
22,BXXWLR,R0I1A9,N/A,10,Off-Load,2024-11-07 13:41:55.424776,,2024-11-07 13:41:55.424776,顺利
23,1HLOAR,YK20BM,N/A,10,On-Load,2024-11-07 13:26:55.431872,2024-11-07 13:26:55.431872,2024-11-07 13:31:55.431872,顺利
24,1HLOAR,YK20BM,N/A,10,Off-Load,2024-11-07 13:31:55.431872,,2024-11-07 13:31:55.431872,顺利
25,1HLOAR,YK20BM,N/A,10,On-Load,2024-11-07 13:36:55.431872,2024-11-07 13:36:55.431872,2024-11-07 13:41:55.431872,顺利
26,1HLOAR,YK20BM,N/A,10,Off-Load,2024-11-07 13:41:55.431872,,2024-11-07 13:41:55.431872,顺利
27,THF6V6,UO4OEW,N/A,6,On-Load,2024-11-07 13:21:55.439377,2024-11-07 13:21:55.439377,2024-11-07 20:21:55.439377,顺利
28,THF6V6,UO4OEW,N/A,6,Off-Load,2024-11-07 20:21:55.439377,,2024-11-07 20:21:55.439377,顺利
29,P2OXYW,OB253L,N/A,6,On-Load,2024-11-07 13:26:55.443428,2024-11-07 13:26:55.443428,2024-11-07 13:31:55.443428,顺利
30,P2OXYW,OB253L,N/A,6,Off-Load,2024-11-07 13:31:55.443428,,2024-11-07 13:31:55.443428,顺利
31,P2OXYW,OB253L,N/A,6,On-Load,2024-11-07 13:36:55.443428,2024-11-07 13:36:55.443428,2024-11-07 13:41:55.443428,顺利
32,P2OXYW,OB253L,N/A,6,Off-Load,2024-11-07 13:41:55.443428,,2024-11-07 13:41:55.443428,顺利
33,C6M5GS,BYN4YB,N/A,3,On-Load,2024-11-07 13:21:55.450692,2024-11-07 13:21:55.450692,,失败: 无效事件
34,UOA4CU,PVBTI9,N/A,3,On-Load,2024-11-07 13:21:55.451936,2024-11-07 13:21:55.451936,2024-11-07 20:21:55.451936,顺利
35,UOA4CU,PVBTI9,N/A,3,Off-Load,2024-11-07 20:21:55.451936,,2024-11-07 20:21:55.451936,顺利
36,ZBCYED,BTBHYB,N/A,1,On-Load,2024-11-07 13:26:55.455602,2024-11-07 13:26:55.455602,2024-11-07 13:31:55.455602,顺利
37,ZBCYED,BTBHYB,N/A,1,Off-Load,2024-11-07 13:31:55.455602,,2024-11-07 13:31:55.455602,顺利
38,ZBCYED,BTBHYB,N/A,1,On-Load,2024-11-07 13:36:55.455602,2024-11-07 13:36:55.455602,2024-11-07 13:41:55.455602,顺利
39,ZBCYED,BTBHYB,N/A,1,Off-Load,2024-11-07 13:41:55.455602,,2024-11-07 13:41:55.455602,顺利
40,7N7JZT,DU95T6,N/A,2,On-Load,2024-11-07 13:26:55.462881,2024-11-07 13:26:55.462881,2024-11-07 13:31:55.462881,顺利
41,7N7JZT,DU95T6,N/A,2,Off-Load,2024-11-07 13:31:55.462881,,2024-11-07 13:31:55.462881,顺利
42,7N7JZT,DU95T6,N/A,2,On-Load,2024-11-07 13:36:55.462881,2024-11-07 13:36:55.462881,2024-11-07 13:41:55.462881,顺利
43,7N7JZT,DU95T6,N/A,2,Off-Load,2024-11-07 13:41:55.462881,,2024-11-07 13:41:55.462881,顺利
44,K7X6HW,YK9331,N/A,9,On-Load,2024-11-07 13:21:55.470227,2024-11-07 13:21:55.470227,,警报: 电量过低
45,SQ5SEY,WNU9VG,N/A,4,On-Load,2024-11-07 13:26:55.471686,2024-11-07 13:26:55.471686,2024-11-07 13:31:55.471686,顺利
46,SQ5SEY,WNU9VG,N/A,4,Off-Load,2024-11-07 13:31:55.471686,,2024-11-07 13:31:55.471686,顺利
47,SQ5SEY,WNU9VG,N/A,4,On-Load,2024-11-07 13:36:55.471686,2024-11-07 13:36:55.471686,2024-11-07 13:41:55.471686,顺利
48,SQ5SEY,WNU9VG,N/A,4,Off-Load,2024-11-07 13:41:55.471686,,2024-11-07 13:41:55.471686,顺利
49,BU1FEW,A2DR74,N/A,7,On-Load,2024-11-07 13:21:55.478959,2024-11-07 13:21:55.478959,,失败: 无效事件
50,CN26OD,B0JO0B,N/A,9,On-Load,2024-11-07 13:21:55.480160,2024-11-07 13:21:55.480160,2024-11-07 20:21:55.480160,顺利
51,CN26OD,B0JO0B,N/A,9,Off-Load,2024-11-07 20:21:55.480160,,2024-11-07 20:21:55.480160,顺利
52,Y0ZEGW,24OE2C,N/A,6,On-Load,2024-11-07 13:21:55.483575,2024-11-07 13:21:55.483575,,顺利
53,MPIJUZ,6J5TKE,N/A,10,On-Load,2024-11-07 13:26:55.484900,2024-11-07 13:26:55.484900,2024-11-07 13:31:55.484900,顺利
54,MPIJUZ,6J5TKE,N/A,10,Off-Load,2024-11-07 13:31:55.484900,,2024-11-07 13:31:55.484900,顺利
55,MPIJUZ,6J5TKE,N/A,10,On-Load,2024-11-07 13:36:55.484900,2024-11-07 13:36:55.484900,2024-11-07 13:41:55.484900,顺利
56,MPIJUZ,6J5TKE,N/A,10,Off-Load,2024-11-07 13:41:55.484900,,2024-11-07 13:41:55.484900,顺利
57,S88EIU,IR0SLG,N/A,1,On-Load,2024-11-07 13:26:55.493387,2024-11-07 13:26:55.493387,2024-11-07 13:31:55.493387,顺利
58,S88EIU,IR0SLG,N/A,1,Off-Load,2024-11-07 13:31:55.493387,,2024-11-07 13:31:55.493387,顺利
59,S88EIU,IR0SLG,N/A,1,On-Load,2024-11-07 13:36:55.493387,2024-11-07 13:36:55.493387,2024-11-07 13:41:55.493387,顺利
60,S88EIU,IR0SLG,N/A,1,Off-Load,2024-11-07 13:41:55.493387,,2024-11-07 13:41:55.493387,顺利
61,6TX6XT,3EWVHG,N/A,10,On-Load,2024-11-07 13:21:55.500707,2024-11-07 13:21:55.500707,2024-11-07 22:21:55.500707,顺利
62,6TX6XT,3EWVHG,N/A,10,Off-Load,2024-11-07 22:21:55.500707,,2024-11-07 22:21:55.500707,顺利
63,P8955C,ES3NI4,N/A,10,On-Load,2024-11-07 13:21:55.504585,2024-11-07 13:21:55.504585,2024-11-07 16:21:55.504585,顺利
64,P8955C,ES3NI4,N/A,10,Off-Load,2024-11-07 16:21:55.504585,,2024-11-07 16:21:55.504585,顺利
65,ZXOM62,H8Y83S,N/A,6,Off-Load,2024-11-07 13:21:55.508174,,,失败: 无对应 On-Load 任务
66,HO3MDC,ECDSKI,N/A,8,Off-Load,2024-11-07 13:21:55.509805,,,失败: 无对应 On-Load 任务
67,OG21E0,IF5EXQ,N/A,6,Off-Load,2024-11-07 16:21:55.511278,,,失败: 无对应 On-Load 任务
68,BMX3AG,7VKBDC,N/A,1,On-Load,2024-11-07 13:21:55.512727,2024-11-07 13:21:55.512727,2024-11-07 22:21:55.512727,顺利
69,BMX3AG,7VKBDC,N/A,1,Off-Load,2024-11-07 22:21:55.512727,,2024-11-07 22:21:55.512727,顺利
70,3HA29H,37CGY9,N/A,9,On-Load,2024-11-07 13:21:55.516515,2024-11-07 13:21:55.516515,2024-11-07 17:21:55.516515,顺利
71,3HA29H,37CGY9,N/A,9,Off-Load,2024-11-07 17:21:55.516515,,2024-11-07 17:21:55.516515,顺利
72,GFK55C,J6BWT5,N/A,10,On-Load,2024-11-07 13:21:55.520024,2024-11-07 13:21:55.520024,,警报: 电量过低
73,W0QQ1S,1NB1SM,N/A,6,Off-Load,2024-11-07 13:21:55.521245,,,失败: 无对应 On-Load 任务
74,CL0VJZ,C7IIML,N/A,7,On-Load,2024-11-07 13:26:55.522640,2024-11-07 13:26:55.522640,2024-11-07 13:31:55.522640,顺利
75,CL0VJZ,C7IIML,N/A,7,Off-Load,2024-11-07 13:31:55.522640,,2024-11-07 13:31:55.522640,顺利
76,CL0VJZ,C7IIML,N/A,7,On-Load,2024-11-07 13:36:55.522640,2024-11-07 13:36:55.522640,2024-11-07 13:41:55.522640,顺利
77,CL0VJZ,C7IIML,N/A,7,Off-Load,2024-11-07 13:41:55.522640,,2024-11-07 13:41:55.522640,顺利
78,JDB8OK,B2LR5E,N/A,10,On-Load,2024-11-07 13:26:55.529630,2024-11-07 13:26:55.529630,2024-11-07 13:31:55.529630,顺利
79,JDB8OK,B2LR5E,N/A,10,Off-Load,2024-11-07 13:31:55.529630,,2024-11-07 13:31:55.529630,顺利
80,JDB8OK,B2LR5E,N/A,10,On-Load,2024-11-07 13:36:55.529630,2024-11-07 13:36:55.529630,2024-11-07 13:41:55.529630,顺利
81,JDB8OK,B2LR5E,N/A,10,Off-Load,2024-11-07 13:41:55.529630,,2024-11-07 13:41:55.529630,顺利
82,ECMGLK,DEN9VW,N/A,7,On-Load,2024-11-07 13:21:55.537043,2024-11-07 13:21:55.537043,2024-11-07 14:21:55.537043,顺利
83,ECMGLK,DEN9VW,N/A,7,Off-Load,2024-11-07 14:21:55.537043,,2024-11-07 14:21:55.537043,顺利
84,M2HCZF,QZ3TF5,N/A,5,Off-Load,2024-11-07 13:21:55.540615,,,失败: 无对应 On-Load 任务
85,GLCZ0Y,YM2SJB,N/A,1,On-Load,2024-11-07 13:21:55.542000,2024-11-07 13:21:55.542000,2024-11-07 21:21:55.542000,顺利
86,GLCZ0Y,YM2SJB,N/A,1,Off-Load,2024-11-07 21:21:55.542000,,2024-11-07 21:21:55.542000,顺利
87,8AA7WC,80CLQW,N/A,9,On-Load,2024-11-07 13:21:55.545384,2024-11-07 13:21:55.545384,2024-11-07 20:21:55.545384,顺利
88,8AA7WC,80CLQW,N/A,9,Off-Load,2024-11-07 20:21:55.545384,,2024-11-07 20:21:55.545384,顺利
89,4M6B77,K8K6CI,N/A,7,On-Load,2024-11-07 13:21:55.548775,2024-11-07 13:21:55.548775,2024-11-07 19:21:55.548775,顺利
90,4M6B77,K8K6CI,N/A,7,Off-Load,2024-11-07 19:21:55.548775,,2024-11-07 19:21:55.548775,顺利
91,41A6PH,QNB18Z,N/A,2,On-Load,2024-11-07 13:21:55.552535,2024-11-07 13:21:55.552535,2024-11-07 21:21:55.552535,顺利
92,41A6PH,QNB18Z,N/A,2,Off-Load,2024-11-07 21:21:55.552535,,2024-11-07 21:21:55.552535,顺利
93,0C05BS,ZA38CF,N/A,9,On-Load,2024-11-07 13:26:55.556422,2024-11-07 13:26:55.556422,2024-11-07 13:31:55.556422,顺利
94,0C05BS,ZA38CF,N/A,9,Off-Load,2024-11-07 13:31:55.556422,,2024-11-07 13:31:55.556422,顺利
95,0C05BS,ZA38CF,N/A,9,On-Load,2024-11-07 13:36:55.556422,2024-11-07 13:36:55.556422,2024-11-07 13:41:55.556422,顺利
96,0C05BS,ZA38CF,N/A,9,Off-Load,2024-11-07 13:41:55.556422,,2024-11-07 13:41:55.556422,顺利
97,ZZUAUK,1Y28AW,N/A,7,On-Load,2024-11-07 13:21:55.563700,2024-11-07 13:21:55.563700,,失败: 无效事件
98,FDCUSQ,58OHZA,N/A,4,On-Load,2024-11-07 13:21:55.564893,2024-11-07 13:21:55.564893,,失败: 无效事件
99,OB1YYI,C5ROQO,N/A,4,On-Load,2024-11-07 13:21:55.566092,2024-11-07 13:21:55.566092,2024-11-07 15:21:55.566092,顺利
100,OB1YYI,C5ROQO,N/A,4,Off-Load,2024-11-07 15:21:55.566092,,2024-11-07 15:21:55.566092,顺利
101,45QNTT,75ULFM,N/A,4,On-Load,2024-11-07 13:26:55.569753,2024-11-07 13:26:55.569753,2024-11-07 13:31:55.569753,顺利
102,45QNTT,75ULFM,N/A,4,Off-Load,2024-11-07 13:31:55.569753,,2024-11-07 13:31:55.569753,顺利
103,45QNTT,75ULFM,N/A,4,On-Load,2024-11-07 13:36:55.569753,2024-11-07 13:36:55.569753,2024-11-07 13:41:55.569753,顺利
104,45QNTT,75ULFM,N/A,4,Off-Load,2024-11-07 13:41:55.569753,,2024-11-07 13:41:55.569753,顺利
105,E3QW55,PW83AB,N/A,8,On-Load,2024-11-07 13:26:55.577234,2024-11-07 13:26:55.577234,2024-11-07 13:31:55.577234,顺利
106,E3QW55,PW83AB,N/A,8,Off-Load,2024-11-07 13:31:55.577234,,2024-11-07 13:31:55.577234,顺利
107,E3QW55,PW83AB,N/A,8,On-Load,2024-11-07 13:36:55.577234,2024-11-07 13:36:55.577234,2024-11-07 13:41:55.577234,顺利
108,E3QW55,PW83AB,N/A,8,Off-Load,2024-11-07 13:41:55.577234,,2024-11-07 13:41:55.577234,顺利
109,TPCAAB,OZ8TCD,N/A,4,On-Load,2024-11-07 13:21:55.584060,2024-11-07 13:21:55.584060,2024-11-07 18:21:55.584060,顺利
110,TPCAAB,OZ8TCD,N/A,4,Off-Load,2024-11-07 18:21:55.584060,,2024-11-07 18:21:55.584060,顺利
111,ON8OTL,W66QRF,N/A,3,On-Load,2024-11-07 13:21:55.587409,2024-11-07 13:21:55.587409,2024-11-07 21:21:55.587409,顺利
112,ON8OTL,W66QRF,N/A,3,Off-Load,2024-11-07 21:21:55.587409,,2024-11-07 21:21:55.587409,顺利
113,P6XQDH,DRSATR,N/A,10,On-Load,2024-11-07 13:26:55.590766,2024-11-07 13:26:55.590766,2024-11-07 13:31:55.590766,顺利
114,P6XQDH,DRSATR,N/A,10,Off-Load,2024-11-07 13:31:55.590766,,2024-11-07 13:31:55.590766,顺利
115,P6XQDH,DRSATR,N/A,10,On-Load,2024-11-07 13:36:55.590766,2024-11-07 13:36:55.590766,2024-11-07 13:41:55.590766,顺利
116,P6XQDH,DRSATR,N/A,10,Off-Load,2024-11-07 13:41:55.590766,,2024-11-07 13:41:55.590766,顺利
117,VKTS1K,BVIF89,N/A,10,Off-Load,2024-11-07 22:21:55.597478,,,失败: 无对应 On-Load 任务
118,YB44BE,JUWPS3,N/A,9,On-Load,2024-11-07 13:21:55.598843,2024-11-07 13:21:55.598843,,失败: 无效事件
119,X26X2K,LP1OKC,N/A,8,On-Load,2024-11-07 13:26:55.600119,2024-11-07 13:26:55.600119,2024-11-07 13:31:55.600119,顺利
120,X26X2K,LP1OKC,N/A,8,Off-Load,2024-11-07 13:31:55.600119,,2024-11-07 13:31:55.600119,顺利
121,X26X2K,LP1OKC,N/A,8,On-Load,2024-11-07 13:36:55.600119,2024-11-07 13:36:55.600119,2024-11-07 13:41:55.600119,顺利
122,X26X2K,LP1OKC,N/A,8,Off-Load,2024-11-07 13:41:55.600119,,2024-11-07 13:41:55.600119,顺利
123,E4MWKI,KP7KKU,N/A,7,Off-Load,2024-11-07 13:21:55.607882,,,失败: 无对应 On-Load 任务
124,NAI45V,RRHGVM,N/A,4,On-Load,2024-11-07 13:26:55.609326,2024-11-07 13:26:55.609326,2024-11-07 13:31:55.609326,顺利
125,NAI45V,RRHGVM,N/A,4,Off-Load,2024-11-07 13:31:55.609326,,2024-11-07 13:31:55.609326,顺利
126,NAI45V,RRHGVM,N/A,4,On-Load,2024-11-07 13:36:55.609326,2024-11-07 13:36:55.609326,2024-11-07 13:41:55.609326,顺利
127,NAI45V,RRHGVM,N/A,4,Off-Load,2024-11-07 13:41:55.609326,,2024-11-07 13:41:55.609326,顺利
128,8X08FC,AIVN49,N/A,1,Off-Load,2024-11-07 13:21:55.616780,,,失败: 无对应 On-Load 任务
129,MO4FAK,97CXG2,N/A,1,On-Load,2024-11-07 13:21:55.619557,2024-11-07 13:21:55.619557,2024-11-07 23:21:55.619557,顺利
130,MO4FAK,97CXG2,N/A,1,Off-Load,2024-11-07 23:21:55.619557,,2024-11-07 23:21:55.619557,顺利
131,0RTF2N,TNV1S1,N/A,8,Off-Load,2024-11-07 23:21:55.623422,,,失败: 无对应 On-Load 任务
132,CAJFLX,8H3GFX,N/A,4,On-Load,2024-11-07 13:21:55.624930,2024-11-07 13:21:55.624930,2024-11-07 16:21:55.624930,顺利
133,CAJFLX,8H3GFX,N/A,4,Off-Load,2024-11-07 16:21:55.624930,,2024-11-07 16:21:55.624930,顺利
134,0RI3H7,3SBXCR,N/A,6,Off-Load,2024-11-07 13:21:55.628366,,,失败: 无对应 On-Load 任务
135,64FVMI,EOT8AS,N/A,7,On-Load,2024-11-07 13:21:55.629778,2024-11-07 13:21:55.629778,2024-11-08 01:21:55.629778,顺利
136,64FVMI,EOT8AS,N/A,7,Off-Load,2024-11-08 01:21:55.629778,,2024-11-08 01:21:55.629778,顺利
137,DKW359,AOIOLL,N/A,6,On-Load,2024-11-07 13:21:55.633175,2024-11-07 13:21:55.633175,,顺利
138,RO6LKP,8FE6IH,N/A,1,On-Load,2024-11-07 13:21:55.634456,2024-11-07 13:21:55.634456,2024-11-07 19:21:55.634456,顺利
139,RO6LKP,8FE6IH,N/A,1,Off-Load,2024-11-07 19:21:55.634456,,2024-11-07 19:21:55.634456,顺利
140,GXV6VN,6VF9NB,N/A,1,Off-Load,2024-11-07 13:21:55.638191,,,失败: 无对应 On-Load 任务
141,HUMVXY,YLHBOQ,N/A,1,On-Load,2024-11-07 13:26:55.639674,2024-11-07 13:26:55.639674,2024-11-07 13:31:55.639674,顺利
142,HUMVXY,YLHBOQ,N/A,1,Off-Load,2024-11-07 13:31:55.639674,,2024-11-07 13:31:55.639674,顺利
143,HUMVXY,YLHBOQ,N/A,1,On-Load,2024-11-07 13:36:55.639674,2024-11-07 13:36:55.639674,2024-11-07 13:41:55.639674,顺利
144,HUMVXY,YLHBOQ,N/A,1,Off-Load,2024-11-07 13:41:55.639674,,2024-11-07 13:41:55.639674,顺利
145,ITUPTF,6Q57YX,N/A,6,On-Load,2024-11-07 13:21:55.647018,2024-11-07 13:21:55.647018,2024-11-07 16:21:55.647018,顺利
146,ITUPTF,6Q57YX,N/A,6,Off-Load,2024-11-07 16:21:55.647018,,2024-11-07 16:21:55.647018,顺利
147,0CGXTK,BZDPKT,N/A,2,On-Load,2024-11-07 13:21:55.650599,2024-11-07 13:21:55.650599,2024-11-07 17:21:55.650599,顺利
148,0CGXTK,BZDPKT,N/A,2,Off-Load,2024-11-07 17:21:55.650599,,2024-11-07 17:21:55.650599,顺利
149,H611NJ,BZ7QED,N/A,6,On-Load,2024-11-07 13:21:55.654641,2024-11-07 13:21:55.654641,2024-11-07 20:21:55.654641,顺利
150,H611NJ,BZ7QED,N/A,6,Off-Load,2024-11-07 20:21:55.654641,,2024-11-07 20:21:55.654641,顺利
151,E54KKM,TCOYFJ,N/A,8,Off-Load,2024-11-07 13:21:55.658239,,,失败: 无对应 On-Load 任务
152,PM0G6U,CGWUO2,N/A,7,On-Load,2024-11-07 13:21:55.659722,2024-11-07 13:21:55.659722,2024-11-08 00:21:55.659722,顺利
153,PM0G6U,CGWUO2,N/A,7,Off-Load,2024-11-08 00:21:55.659722,,2024-11-08 00:21:55.659722,顺利
154,KG1NJX,OBPNUQ,N/A,1,On-Load,2024-11-07 13:21:55.663608,2024-11-07 13:21:55.663608,2024-11-08 01:21:55.663608,顺利
155,KG1NJX,OBPNUQ,N/A,1,Off-Load,2024-11-08 01:21:55.663608,,2024-11-08 01:21:55.663608,顺利
156,WPW8LL,X0RA31,N/A,4,Off-Load,2024-11-07 13:21:55.667389,,,失败: 无对应 On-Load 任务
157,M7FF34,MUA74W,N/A,1,On-Load,2024-11-07 13:21:55.669141,2024-11-07 13:21:55.669141,2024-11-07 18:21:55.669141,顺利
158,M7FF34,MUA74W,N/A,1,Off-Load,2024-11-07 18:21:55.669141,,2024-11-07 18:21:55.669141,顺利
159,6PZ09F,QXXYFP,N/A,1,On-Load,2024-11-07 13:26:55.673076,2024-11-07 13:26:55.673076,2024-11-07 13:31:55.673076,顺利
160,6PZ09F,QXXYFP,N/A,1,Off-Load,2024-11-07 13:31:55.673076,,2024-11-07 13:31:55.673076,顺利
161,6PZ09F,QXXYFP,N/A,1,On-Load,2024-11-07 13:36:55.673076,2024-11-07 13:36:55.673076,2024-11-07 13:41:55.673076,顺利
162,6PZ09F,QXXYFP,N/A,1,Off-Load,2024-11-07 13:41:55.673076,,2024-11-07 13:41:55.673076,顺利
163,63OUYR,1QVDN6,N/A,2,On-Load,2024-11-07 13:21:55.680578,2024-11-07 13:21:55.680578,2024-11-07 22:21:55.680578,顺利
164,63OUYR,1QVDN6,N/A,2,Off-Load,2024-11-07 22:21:55.680578,,2024-11-07 22:21:55.680578,顺利
165,VV8H8E,TEG78S,N/A,1,Off-Load,2024-11-07 13:21:55.684685,,,失败: 无对应 On-Load 任务
166,MZZBDQ,OC0V71,N/A,7,On-Load,2024-11-07 13:21:55.686148,2024-11-07 13:21:55.686148,2024-11-07 20:21:55.686148,顺利
167,MZZBDQ,OC0V71,N/A,7,Off-Load,2024-11-07 20:21:55.686148,,2024-11-07 20:21:55.686148,顺利
168,2Z4HKT,RV3D5N,N/A,7,On-Load,2024-11-07 13:21:55.689674,2024-11-07 13:21:55.689674,,失败: 无效事件
169,PTOE60,R74U5A,N/A,8,Off-Load,2024-11-07 13:21:55.690907,,,失败: 无对应 On-Load 任务
170,NZHHWK,N517I5,N/A,9,Off-Load,2024-11-07 14:21:55.692361,,,失败: 无对应 On-Load 任务
171,2EZAC3,YWOI7H,N/A,6,On-Load,2024-11-07 13:21:55.693753,2024-11-07 13:21:55.693753,,警报: 电量过低
172,J9RS79,4N834X,N/A,10,On-Load,2024-11-07 13:21:55.694954,2024-11-07 13:21:55.694954,2024-11-07 16:21:55.694954,顺利
173,J9RS79,4N834X,N/A,10,Off-Load,2024-11-07 16:21:55.694954,,2024-11-07 16:21:55.694954,顺利
174,XGZIFI,QC9S1Y,N/A,5,On-Load,2024-11-07 13:21:55.698413,2024-11-07 13:21:55.698413,2024-11-07 19:21:55.698413,顺利
175,XGZIFI,QC9S1Y,N/A,5,Off-Load,2024-11-07 19:21:55.698413,,2024-11-07 19:21:55.698413,顺利
176,CCE7XZ,0UWLSJ,N/A,10,On-Load,2024-11-07 13:21:55.701875,2024-11-07 13:21:55.701875,2024-11-07 19:21:55.701875,顺利
177,CCE7XZ,0UWLSJ,N/A,10,Off-Load,2024-11-07 19:21:55.701875,,2024-11-07 19:21:55.701875,顺利
178,JS7SVH,GNBNEI,N/A,7,On-Load,2024-11-07 13:21:55.705540,2024-11-07 13:21:55.705540,2024-11-07 16:21:55.705540,顺利
179,JS7SVH,GNBNEI,N/A,7,Off-Load,2024-11-07 16:21:55.705540,,2024-11-07 16:21:55.705540,顺利
180,L2Q1Q9,5K3R6R,N/A,1,On-Load,2024-11-07 13:21:55.708987,2024-11-07 13:21:55.708987,2024-11-07 20:21:55.708987,顺利
181,L2Q1Q9,5K3R6R,N/A,1,Off-Load,2024-11-07 20:21:55.708987,,2024-11-07 20:21:55.708987,顺利
182,L9572W,4VSV7Y,N/A,2,On-Load,2024-11-07 13:21:55.712624,2024-11-07 13:21:55.712624,2024-11-07 21:21:55.712624,顺利
183,L9572W,4VSV7Y,N/A,2,Off-Load,2024-11-07 21:21:55.712624,,2024-11-07 21:21:55.712624,顺利
184,IAPM4Q,4RLQ4H,N/A,8,On-Load,2024-11-07 13:26:55.716212,2024-11-07 13:26:55.716212,2024-11-07 13:31:55.716212,顺利
185,IAPM4Q,4RLQ4H,N/A,8,Off-Load,2024-11-07 13:31:55.716212,,2024-11-07 13:31:55.716212,顺利
186,IAPM4Q,4RLQ4H,N/A,8,On-Load,2024-11-07 13:36:55.716212,2024-11-07 13:36:55.716212,2024-11-07 13:41:55.716212,顺利
187,IAPM4Q,4RLQ4H,N/A,8,Off-Load,2024-11-07 13:41:55.716212,,2024-11-07 13:41:55.716212,顺利
188,1FFHN5,CNVIDU,N/A,4,On-Load,2024-11-07 13:26:55.723900,2024-11-07 13:26:55.723900,2024-11-07 13:31:55.723900,顺利
189,1FFHN5,CNVIDU,N/A,4,Off-Load,2024-11-07 13:31:55.723900,,2024-11-07 13:31:55.723900,顺利
190,1FFHN5,CNVIDU,N/A,4,On-Load,2024-11-07 13:36:55.723900,2024-11-07 13:36:55.723900,2024-11-07 13:41:55.723900,顺利
191,1FFHN5,CNVIDU,N/A,4,Off-Load,2024-11-07 13:41:55.723900,,2024-11-07 13:41:55.723900,顺利
192,3I87T8,3P6Z3Y,N/A,4,Off-Load,2024-11-07 13:21:55.731984,,,失败: 无对应 On-Load 任务
193,CQ73SZ,OITESD,N/A,5,Off-Load,2024-11-07 13:21:55.733487,,,失败: 无对应 On-Load 任务
194,4GPASG,GATALD,N/A,5,On-Load,2024-11-07 13:21:55.735342,2024-11-07 13:21:55.735342,2024-11-07 17:21:55.735342,顺利
195,4GPASG,GATALD,N/A,5,Off-Load,2024-11-07 17:21:55.735342,,2024-11-07 17:21:55.735342,顺利
196,Q6N7M4,5XU32K,N/A,5,On-Load,2024-11-07 13:21:55.739193,2024-11-07 13:21:55.739193,2024-11-07 21:21:55.739193,顺利
197,Q6N7M4,5XU32K,N/A,5,Off-Load,2024-11-07 21:21:55.739193,,2024-11-07 21:21:55.739193,顺利
198,BRVR0B,B651VQ,N/A,9,On-Load,2024-11-07 13:21:55.742849,2024-11-07 13:21:55.742849,2024-11-07 20:21:55.742849,顺利
199,BRVR0B,B651VQ,N/A,9,Off-Load,2024-11-07 20:21:55.742849,,2024-11-07 20:21:55.742849,顺利
200,NNUV25,6TFZ3T,N/A,10,On-Load,2024-11-07 13:26:55.746352,2024-11-07 13:26:55.746352,2024-11-07 13:31:55.746352,顺利
201,NNUV25,6TFZ3T,N/A,10,Off-Load,2024-11-07 13:31:55.746352,,2024-11-07 13:31:55.746352,顺利
202,NNUV25,6TFZ3T,N/A,10,On-Load,2024-11-07 13:36:55.746352,2024-11-07 13:36:55.746352,2024-11-07 13:41:55.746352,顺利
203,NNUV25,6TFZ3T,N/A,10,Off-Load,2024-11-07 13:41:55.746352,,2024-11-07 13:41:55.746352,顺利
204,1T1E0C,K4G7J1,N/A,7,On-Load,2024-11-07 13:21:55.753220,2024-11-07 13:21:55.753220,2024-11-08 01:21:55.753220,顺利
205,1T1E0C,K4G7J1,N/A,7,Off-Load,2024-11-08 01:21:55.753220,,2024-11-08 01:21:55.753220,顺利
206,NO0RE7,ID0S61,N/A,4,Off-Load,2024-11-07 13:21:55.756965,,,失败: 无对应 On-Load 任务
207,UOZNW4,KX3AJA,N/A,9,Off-Load,2024-11-07 13:21:55.758446,,,失败: 无对应 On-Load 任务
208,2ZMLWG,US8C1U,N/A,4,On-Load,2024-11-07 13:26:55.760049,2024-11-07 13:26:55.760049,2024-11-07 13:31:55.760049,顺利
209,2ZMLWG,US8C1U,N/A,4,Off-Load,2024-11-07 13:31:55.760049,,2024-11-07 13:31:55.760049,顺利
210,2ZMLWG,US8C1U,N/A,4,On-Load,2024-11-07 13:36:55.760049,2024-11-07 13:36:55.760049,2024-11-07 13:41:55.760049,顺利
211,2ZMLWG,US8C1U,N/A,4,Off-Load,2024-11-07 13:41:55.760049,,2024-11-07 13:41:55.760049,顺利
212,040L9L,DEIW5H,N/A,8,On-Load,2024-11-07 13:21:55.766950,2024-11-07 13:21:55.766950,,失败: 无效事件
213,1R55XU,TCKSZW,N/A,1,On-Load,2024-11-07 13:21:55.768311,2024-11-07 13:21:55.768311,2024-11-07 14:21:55.768311,顺利
214,1R55XU,TCKSZW,N/A,1,Off-Load,2024-11-07 14:21:55.768311,,2024-11-07 14:21:55.768311,顺利
215,VQKPT9,0FHHOC,N/A,8,On-Load,2024-11-07 13:26:55.772785,2024-11-07 13:26:55.772785,2024-11-07 13:31:55.772785,顺利
216,VQKPT9,0FHHOC,N/A,8,Off-Load,2024-11-07 13:31:55.772785,,2024-11-07 13:31:55.772785,顺利
217,VQKPT9,0FHHOC,N/A,8,On-Load,2024-11-07 13:36:55.772785,2024-11-07 13:36:55.772785,2024-11-07 13:41:55.772785,顺利
218,VQKPT9,0FHHOC,N/A,8,Off-Load,2024-11-07 13:41:55.772785,,2024-11-07 13:41:55.772785,顺利
219,RT3IS8,37PAHJ,N/A,6,On-Load,2024-11-07 13:21:55.780840,2024-11-07 13:21:55.780840,2024-11-07 20:21:55.780840,顺利
220,RT3IS8,37PAHJ,N/A,6,Off-Load,2024-11-07 20:21:55.780840,,2024-11-07 20:21:55.780840,顺利
221,3SGG03,0QDZ44,N/A,10,On-Load,2024-11-07 13:21:55.784502,2024-11-07 13:21:55.784502,2024-11-07 15:21:55.784502,顺利
222,3SGG03,0QDZ44,N/A,10,Off-Load,2024-11-07 15:21:55.784502,,2024-11-07 15:21:55.784502,顺利
223,FKT1UR,5D0YXS,N/A,1,Off-Load,2024-11-07 17:21:55.797695,,,失败: 无对应 On-Load 任务
224,6A1766,8308UP,N/A,3,On-Load,2024-11-07 13:21:55.799659,2024-11-07 13:21:55.799659,2024-11-07 22:21:55.799659,顺利
225,6A1766,8308UP,N/A,3,Off-Load,2024-11-07 22:21:55.799659,,2024-11-07 22:21:55.799659,顺利
226,WW5997,VTO9U6,N/A,2,Off-Load,2024-11-07 19:21:55.804529,,,失败: 无对应 On-Load 任务
227,2UMLKT,L5L3JO,N/A,7,On-Load,2024-11-07 13:21:55.806962,2024-11-07 13:21:55.806962,2024-11-07 18:21:55.806962,顺利
228,2UMLKT,L5L3JO,N/A,7,Off-Load,2024-11-07 18:21:55.806962,,2024-11-07 18:21:55.806962,顺利
229,U0NXKN,ZR2470,N/A,3,On-Load,2024-11-07 13:26:55.811624,2024-11-07 13:26:55.811624,2024-11-07 13:31:55.811624,顺利
230,U0NXKN,ZR2470,N/A,3,Off-Load,2024-11-07 13:31:55.811624,,2024-11-07 13:31:55.811624,顺利
231,U0NXKN,ZR2470,N/A,3,On-Load,2024-11-07 13:36:55.811624,2024-11-07 13:36:55.811624,2024-11-07 13:41:55.811624,顺利
232,U0NXKN,ZR2470,N/A,3,Off-Load,2024-11-07 13:41:55.811624,,2024-11-07 13:41:55.811624,顺利
233,2VOTQU,PXE4PB,N/A,1,On-Load,2024-11-07 13:21:55.820064,2024-11-07 13:21:55.820064,,警报: 电量过低
234,0WS8I1,UJQAKQ,N/A,2,Off-Load,2024-11-07 13:21:55.821616,,,失败: 无对应 On-Load 任务
235,Y6QCNG,9ML2B2,N/A,7,Off-Load,2024-11-08 00:21:55.823732,,,失败: 无对应 On-Load 任务
236,Z13III,G7O61D,N/A,7,On-Load,2024-11-07 13:21:55.826635,2024-11-07 13:21:55.826635,2024-11-07 16:21:55.826635,顺利
237,Z13III,G7O61D,N/A,7,Off-Load,2024-11-07 16:21:55.826635,,2024-11-07 16:21:55.826635,顺利
238,Y7GVQS,6YP4CN,N/A,2,Off-Load,2024-11-08 00:21:55.831298,,,失败: 无对应 On-Load 任务
239,Z1MLP6,DGLLS7,N/A,9,On-Load,2024-11-07 13:21:55.833026,2024-11-07 13:21:55.833026,2024-11-07 22:21:55.833026,顺利
240,Z1MLP6,DGLLS7,N/A,9,Off-Load,2024-11-07 22:21:55.833026,,2024-11-07 22:21:55.833026,顺利
241,S8ROPB,HLQUFT,N/A,4,On-Load,2024-11-07 13:21:55.837415,2024-11-07 13:21:55.837415,2024-11-07 19:21:55.837415,顺利
242,S8ROPB,HLQUFT,N/A,4,Off-Load,2024-11-07 19:21:55.837415,,2024-11-07 19:21:55.837415,顺利
243,0P7IQM,4U2UC3,N/A,4,On-Load,2024-11-07 13:21:55.841487,2024-11-07 13:21:55.841487,2024-11-07 21:21:55.841487,顺利
244,0P7IQM,4U2UC3,N/A,4,Off-Load,2024-11-07 21:21:55.841487,,2024-11-07 21:21:55.841487,顺利
245,MXXC57,8K6W0F,N/A,5,Off-Load,2024-11-07 17:21:55.845474,,,失败: 无对应 On-Load 任务
246,6BP61A,LDSHOT,N/A,9,On-Load,2024-11-07 13:26:55.847225,2024-11-07 13:26:55.847225,2024-11-07 13:31:55.847225,顺利
247,6BP61A,LDSHOT,N/A,9,Off-Load,2024-11-07 13:31:55.847225,,2024-11-07 13:31:55.847225,顺利
248,6BP61A,LDSHOT,N/A,9,On-Load,2024-11-07 13:36:55.847225,2024-11-07 13:36:55.847225,2024-11-07 13:41:55.847225,顺利
249,6BP61A,LDSHOT,N/A,9,Off-Load,2024-11-07 13:41:55.847225,,2024-11-07 13:41:55.847225,顺利
250,OGIV00,8ONTFN,N/A,2,On-Load,2024-11-07 13:21:55.855290,2024-11-07 13:21:55.855290,2024-11-07 16:21:55.855290,顺利
251,OGIV00,8ONTFN,N/A,2,Off-Load,2024-11-07 16:21:55.855290,,2024-11-07 16:21:55.855290,顺利
252,OH3YSU,AU98SJ,N/A,5,Off-Load,2024-11-07 16:21:55.859265,,,失败: 无对应 On-Load 任务
253,SM5C2A,LGNHG9,N/A,7,On-Load,2024-11-07 13:26:55.860879,2024-11-07 13:26:55.860879,2024-11-07 13:31:55.860879,顺利
254,SM5C2A,LGNHG9,N/A,7,Off-Load,2024-11-07 13:31:55.860879,,2024-11-07 13:31:55.860879,顺利
255,SM5C2A,LGNHG9,N/A,7,On-Load,2024-11-07 13:36:55.860879,2024-11-07 13:36:55.860879,2024-11-07 13:41:55.860879,顺利
256,SM5C2A,LGNHG9,N/A,7,Off-Load,2024-11-07 13:41:55.860879,,2024-11-07 13:41:55.860879,顺利
257,ML0T4H,C8S71I,N/A,10,On-Load,2024-11-07 13:21:55.869274,2024-11-07 13:21:55.869274,2024-11-07 22:21:55.869274,顺利
258,ML0T4H,C8S71I,N/A,10,Off-Load,2024-11-07 22:21:55.869274,,2024-11-07 22:21:55.869274,顺利
259,D4HG09,2HOTJF,N/A,2,On-Load,2024-11-07 13:26:55.874210,2024-11-07 13:26:55.874210,2024-11-07 13:31:55.874210,顺利
260,D4HG09,2HOTJF,N/A,2,Off-Load,2024-11-07 13:31:55.874210,,2024-11-07 13:31:55.874210,顺利
261,D4HG09,2HOTJF,N/A,2,On-Load,2024-11-07 13:36:55.874210,2024-11-07 13:36:55.874210,2024-11-07 13:41:55.874210,顺利
262,D4HG09,2HOTJF,N/A,2,Off-Load,2024-11-07 13:41:55.874210,,2024-11-07 13:41:55.874210,顺利
263,Z9B6K2,86OS9H,N/A,9,On-Load,2024-11-07 13:21:55.882639,2024-11-07 13:21:55.882639,,失败: 无效事件
264,HZX729,2AC445,N/A,4,On-Load,2024-11-07 13:21:55.884192,2024-11-07 13:21:55.884192,2024-11-07 14:21:55.884192,顺利
265,HZX729,2AC445,N/A,4,Off-Load,2024-11-07 14:21:55.884192,,2024-11-07 14:21:55.884192,顺利
266,8PEA8W,G0H0HS,N/A,4,On-Load,2024-11-07 13:21:55.888688,2024-11-07 13:21:55.888688,2024-11-08 00:21:55.888688,顺利
267,8PEA8W,G0H0HS,N/A,4,Off-Load,2024-11-08 00:21:55.888688,,2024-11-08 00:21:55.888688,顺利
268,O5CYM9,JAUCLG,N/A,4,On-Load,2024-11-07 13:21:55.892971,2024-11-07 13:21:55.892971,2024-11-07 23:21:55.892971,顺利
269,O5CYM9,JAUCLG,N/A,4,Off-Load,2024-11-07 23:21:55.892971,,2024-11-07 23:21:55.892971,顺利
270,GIU68E,4CNG52,N/A,4,On-Load,2024-11-07 13:21:55.897250,2024-11-07 13:21:55.897250,2024-11-07 19:21:55.897250,顺利
271,GIU68E,4CNG52,N/A,4,Off-Load,2024-11-07 19:21:55.897250,,2024-11-07 19:21:55.897250,顺利
272,VLS6Z1,MWIEEM,N/A,8,Off-Load,2024-11-07 23:21:55.901366,,,失败: 无对应 On-Load 任务
273,T646EQ,9DF1R0,N/A,8,On-Load,2024-11-07 13:21:55.903008,2024-11-07 13:21:55.903008,,失败: 无效事件
274,DD2JB1,D6W7KX,N/A,9,On-Load,2024-11-07 13:21:55.904470,2024-11-07 13:21:55.904470,2024-11-07 18:21:55.904470,顺利
275,DD2JB1,D6W7KX,N/A,9,Off-Load,2024-11-07 18:21:55.904470,,2024-11-07 18:21:55.904470,顺利
276,BGKGPS,WHP98V,N/A,2,On-Load,2024-11-07 13:21:55.908509,2024-11-07 13:21:55.908509,,警报: 电量过低
277,B0BCS6,Z6OVQX,N/A,10,On-Load,2024-11-07 13:21:55.909873,2024-11-07 13:21:55.909873,2024-11-07 14:21:55.909873,顺利
278,B0BCS6,Z6OVQX,N/A,10,Off-Load,2024-11-07 14:21:55.909873,,2024-11-07 14:21:55.909873,顺利
279,IRQ494,PP13BP,N/A,3,On-Load,2024-11-07 13:26:55.913804,2024-11-07 13:26:55.913804,2024-11-07 13:31:55.913804,顺利
280,IRQ494,PP13BP,N/A,3,Off-Load,2024-11-07 13:31:55.913804,,2024-11-07 13:31:55.913804,顺利
281,IRQ494,PP13BP,N/A,3,On-Load,2024-11-07 13:36:55.913804,2024-11-07 13:36:55.913804,2024-11-07 13:41:55.913804,顺利
282,IRQ494,PP13BP,N/A,3,Off-Load,2024-11-07 13:41:55.913804,,2024-11-07 13:41:55.913804,顺利
283,19YB7Q,PQNTIC,N/A,2,On-Load,2024-11-07 13:26:55.922082,2024-11-07 13:26:55.922082,2024-11-07 13:31:55.922082,顺利
284,19YB7Q,PQNTIC,N/A,2,Off-Load,2024-11-07 13:31:55.922082,,2024-11-07 13:31:55.922082,顺利
285,19YB7Q,PQNTIC,N/A,2,On-Load,2024-11-07 13:36:55.922082,2024-11-07 13:36:55.922082,2024-11-07 13:41:55.922082,顺利
286,19YB7Q,PQNTIC,N/A,2,Off-Load,2024-11-07 13:41:55.922082,,2024-11-07 13:41:55.922082,顺利
287,4I636Y,MVI9NK,N/A,10,On-Load,2024-11-07 13:21:55.930468,2024-11-07 13:21:55.930468,2024-11-07 17:21:55.930468,顺利
288,4I636Y,MVI9NK,N/A,10,Off-Load,2024-11-07 17:21:55.930468,,2024-11-07 17:21:55.930468,顺利
289,GM7PDT,TGBHPG,N/A,1,Off-Load,2024-11-07 14:21:55.934611,,,失败: 无对应 On-Load 任务
290,VQ84H8,RVRFKE,N/A,5,On-Load,2024-11-07 13:26:55.936581,2024-11-07 13:26:55.936581,2024-11-07 13:31:55.936581,顺利
291,VQ84H8,RVRFKE,N/A,5,Off-Load,2024-11-07 13:31:55.936581,,2024-11-07 13:31:55.936581,顺利
292,VQ84H8,RVRFKE,N/A,5,On-Load,2024-11-07 13:36:55.936581,2024-11-07 13:36:55.936581,2024-11-07 13:41:55.936581,顺利
293,VQ84H8,RVRFKE,N/A,5,Off-Load,2024-11-07 13:41:55.936581,,2024-11-07 13:41:55.936581,顺利
294,KWJXI8,ARJTBJ,N/A,3,On-Load,2024-11-07 13:21:55.945229,2024-11-07 13:21:55.945229,,警报: 电量过低
295,K4R0YA,ONCIWE,N/A,5,On-Load,2024-11-07 13:26:55.946839,2024-11-07 13:26:55.946839,2024-11-07 13:31:55.946839,顺利
296,K4R0YA,ONCIWE,N/A,5,Off-Load,2024-11-07 13:31:55.946839,,2024-11-07 13:31:55.946839,顺利
297,K4R0YA,ONCIWE,N/A,5,On-Load,2024-11-07 13:36:55.946839,2024-11-07 13:36:55.946839,2024-11-07 13:41:55.946839,顺利
298,K4R0YA,ONCIWE,N/A,5,Off-Load,2024-11-07 13:41:55.946839,,2024-11-07 13:41:55.946839,顺利
299,3V3E9H,RUPHKL,N/A,1,On-Load,2024-11-07 13:21:55.954930,2024-11-07 13:21:55.954930,2024-11-07 22:21:55.954930,顺利
300,3V3E9H,RUPHKL,N/A,1,Off-Load,2024-11-07 22:21:55.954930,,2024-11-07 22:21:55.954930,顺利
301,D80UJQ,PLN8EB,N/A,3,Off-Load,2024-11-07 13:21:55.959524,,,失败: 无对应 On-Load 任务
302,K7YDUA,OXIPV4,N/A,1,Off-Load,2024-11-07 13:21:55.961181,,,失败: 无对应 On-Load 任务
303,HC6U6Y,XIB5KG,N/A,1,On-Load,2024-11-07 13:21:55.962861,2024-11-07 13:21:55.962861,2024-11-07 15:21:55.962861,顺利
304,HC6U6Y,XIB5KG,N/A,1,Off-Load,2024-11-07 15:21:55.962861,,2024-11-07 15:21:55.962861,顺利
305,568FEQ,931A9S,N/A,7,Off-Load,2024-11-07 13:21:55.966854,,,失败: 无对应 On-Load 任务
306,RIZTD3,PASDJJ,N/A,9,On-Load,2024-11-07 13:21:55.968832,2024-11-07 13:21:55.968832,2024-11-08 00:21:55.968832,顺利
307,RIZTD3,PASDJJ,N/A,9,Off-Load,2024-11-08 00:21:55.968832,,2024-11-08 00:21:55.968832,顺利
308,1TQX3F,JD4PFN,N/A,3,On-Load,2024-11-07 13:26:55.973177,2024-11-07 13:26:55.973177,2024-11-07 13:31:55.973177,顺利
309,1TQX3F,JD4PFN,N/A,3,Off-Load,2024-11-07 13:31:55.973177,,2024-11-07 13:31:55.973177,顺利
310,1TQX3F,JD4PFN,N/A,3,On-Load,2024-11-07 13:36:55.973177,2024-11-07 13:36:55.973177,2024-11-07 13:41:55.973177,顺利
311,1TQX3F,JD4PFN,N/A,3,Off-Load,2024-11-07 13:41:55.973177,,2024-11-07 13:41:55.973177,顺利
312,TO56WQ,DWW561,N/A,8,On-Load,2024-11-07 13:21:55.981761,2024-11-07 13:21:55.981761,2024-11-07 18:21:55.981761,顺利
313,TO56WQ,DWW561,N/A,8,Off-Load,2024-11-07 18:21:55.981761,,2024-11-07 18:21:55.981761,顺利
314,2FGOXL,GCRXAY,N/A,6,On-Load,2024-11-07 13:26:55.985196,2024-11-07 13:26:55.985196,2024-11-07 13:31:55.985196,顺利
315,2FGOXL,GCRXAY,N/A,6,Off-Load,2024-11-07 13:31:55.985196,,2024-11-07 13:31:55.985196,顺利
316,2FGOXL,GCRXAY,N/A,6,On-Load,2024-11-07 13:36:55.985196,2024-11-07 13:36:55.985196,2024-11-07 13:41:55.985196,顺利
317,2FGOXL,GCRXAY,N/A,6,Off-Load,2024-11-07 13:41:55.985196,,2024-11-07 13:41:55.985196,顺利
